,precision,recall,f1-score,support
0,0.4534412955465587,0.32748538011695905,0.38030560271646857,342.0
1,0.509594882729211,0.6390374331550802,0.5670225385527876,374.0
accuracy,0.49022346368715086,0.49022346368715086,0.49022346368715086,0.49022346368715086
macro avg,0.48151808913788485,0.48326140663601963,0.4736640706346281,716.0
weighted avg,0.48277291790174304,0.49022346368715086,0.47783651612817707,716.0
