,precision,recall,f1-score,support
0,0.5073041168658698,0.5617647058823529,0.5331472435450104,680.0
1,0.5591715976331361,0.5046728971962616,0.5305263157894737,749.0
accuracy,0.5318404478656403,0.5318404478656403,0.5318404478656403,0.5318404478656403
macro avg,0.5332378572495029,0.5332188015393073,0.5318367796672421,1429.0
weighted avg,0.5344900812428345,0.5318404478656403,0.5317735032448726,1429.0
