MAE,RMSE,R2,samples
15.691717160416232,20.01757225338274,-0.0033472905900902017,1429
