MAE,RMSE,R2,samples
15.64115397391739,19.960601779288655,0.0032017938811008673,1429
